GEO,GEOID
2158,1
51515,2
72103,3
72105,3
72107,3
72099,3
72091,3
72097,3
72095,3
72093,3
72101,3
72147,3
72089,3
72087,3
72085,3
72083,3
72081,3
72111,3
72079,3
72077,3
72075,3
72073,3
72109,3
72131,3
72113,3
72115,3
72149,3
72145,3
72069,3
72151,3
72143,3
72141,3
72139,3
72137,3
72135,3
72133,3
72129,3
72127,3
72125,3
72123,3
72121,3
72119,3
72117,3
72071,3
72023,3
72067,3
72029,3
72025,3
72021,3
72019,3
72017,3
72015,3
72013,3
72011,3
72009,3
72007,3
72005,3
72003,3
72001,3
72000,3
46102,3
46113,3
55000,3
54000,3
72065,3
72027,3
72031,3
72033,3
72063,3
72061,3
72059,3
72057,3
72055,3
72054,3
72053,3
72051,3
72049,3
72047,3
72045,3
72043,3
72041,3
72039,3
72037,3
72035,3
72153,3
55079,4
55059,4
55055,4
55078,4
55077,4
55075,4
55063,4
55053,4
55073,4
55071,4
55049,4
55069,4
55067,4
55051,4
55057,4
55065,4
55061,4
56011,4
55047,4
54107,4
55009,4
55007,4
55005,4
55003,4
55001,4
54109,4
54105,4
55013,4
54103,4
54101,4
54099,4
54097,4
54095,4
54093,4
55011,4
55015,4
55045,4
55083,4
55043,4
55041,4
55039,4
55037,4
55035,4
55033,4
55031,4
55017,4
55029,4
55027,4
55025,4
55023,4
55021,4
55019,4
55081,4
56033,4
55085,4
56023,4
56021,4
55121,4
55123,4
55125,4
55127,4
55129,4
54089,4
55131,4
55133,4
56019,4
55135,4
55137,4
56017,4
55139,4
55141,4
56000,4
56015,4
56013,4
56001,4
56003,4
56005,4
56007,4
56009,4
55119,4
56025,4
55087,4
55117,4
55089,4
55091,4
55093,4
55095,4
55097,4
55099,4
55101,4
55103,4
56045,4
56043,4
56041,4
55105,4
56039,4
55107,4
56037,4
55109,4
56035,4
55111,4
55113,4
56031,4
55115,4
56029,4
56027,4
54091,4
54003,4
54087,4
53061,4
10000,4
11000,4
2000,4
12000,4
35000,4
48000,4
18000,4
19000,4
37000,4
36000,4
53000,4
22000,4
29000,4
53039,4
53041,4
53043,4
53045,4
53047,4
53049,4
53051,4
53053,4
53055,4
53057,4
28000,4
23000,4
40000,4
26000,4
16000,4
15005,4
49000,4
31000,4
47000,4
50000,4
38000,4
17000,4
46000,4
20000,4
25000,4
34000,4
54085,4
30000,4
32000,4
5000,4
45000,4
24000,4
33000,4
44000,4
4000,4
2270,4
53059,4
21000,4
53063,4
54035,4
54039,4
54041,4
54043,4
54045,4
54047,4
54049,4
54051,4
54053,4
54055,4
54057,4
54059,4
54061,4
54063,4
54065,4
54067,4
54071,4
54073,4
54075,4
54077,4
54079,4
54081,4
54083,4
53065,4
54037,4
54069,4
53077,4
54013,4
53069,4
53071,4
53073,4
53075,4
54001,4
54005,4
53067,4
54009,4
54011,4
54007,4
54015,4
54023,4
54031,4
54029,4
54027,4
54025,4
54017,4
54033,4
54021,4
54019,4
1000,5
37177,5
37159,5
37161,5
37163,5
37165,5
37167,5
37169,5
37171,5
37173,5
37175,5
37179,5
38001,5
37181,5
37183,5
37185,5
37187,5
37189,5
37191,5
37193,5
37195,5
37197,5
37157,5
37155,5
37153,5
37151,5
37113,5
37115,5
37117,5
37119,5
37121,5
37123,5
37125,5
37127,5
37129,5
37131,5
37133,5
37135,5
37137,5
37139,5
37141,5
37143,5
37145,5
37147,5
37149,5
37199,5
38003,5
37109,5
38071,5
38053,5
38055,5
38057,5
38059,5
38061,5
38063,5
38065,5
38067,5
38069,5
38073,5
38005,5
38075,5
38077,5
38079,5
38081,5
38083,5
38085,5
38087,5
38089,5
38091,5
38051,5
38049,5
38047,5
38045,5
38007,5
38009,5
38011,5
38013,5
38015,5
38017,5
38019,5
38021,5
38023,5
38025,5
38027,5
38029,5
38031,5
38033,5
38035,5
38037,5
38039,5
38041,5
38043,5
37111,5
37107,5
38095,5
36113,5
36095,5
36097,5
36099,5
36101,5
36103,5
36105,5
36107,5
36109,5
36111,5
36115,5
37013,5
36117,5
36119,5
36121,5
36123,5
37001,5
37003,5
37005,5
37007,5
37009,5
36093,5
36091,5
36089,5
36087,5
36049,5
36051,5
36053,5
36055,5
36057,5
36059,5
36061,5
36063,5
36065,5
36067,5
36069,5
36071,5
36073,5
36075,5
36077,5
36079,5
36081,5
36083,5
36085,5
37011,5
37015,5
37105,5
37083,5
37065,5
37067,5
37069,5
37071,5
37073,5
37075,5
37077,5
37079,5
37081,5
37085,5
37017,5
37087,5
37089,5
37091,5
37093,5
37095,5
37097,5
37099,5
37101,5
37103,5
37063,5
37061,5
37059,5
37057,5
37019,5
37021,5
37023,5
37025,5
37027,5
37029,5
37031,5
37033,5
37035,5
37037,5
37039,5
37041,5
37043,5
37045,5
37047,5
37049,5
37051,5
37053,5
37055,5
38093,5
38097,5
41031,5
40069,5
40051,5
40053,5
40055,5
40057,5
40059,5
40061,5
40063,5
40065,5
40067,5
40071,5
40093,5
40073,5
40075,5
40077,5
40079,5
40081,5
40083,5
40085,5
40087,5
40089,5
40049,5
40047,5
40045,5
40043,5
40005,5
40007,5
40009,5
40011,5
40013,5
40015,5
40017,5
40019,5
40021,5
40023,5
40025,5
40027,5
40029,5
40031,5
40033,5
40035,5
40037,5
40039,5
40041,5
40091,5
40095,5
40001,5
41007,5
40145,5
40147,5
40149,5
40151,5
40153,5
41000,5
41001,5
41003,5
41005,5
41009,5
40097,5
41011,5
41013,5
41015,5
41017,5
41019,5
41021,5
41023,5
41025,5
41027,5
40143,5
40141,5
40139,5
40137,5
40099,5
40101,5
40103,5
40105,5
40107,5
40109,5
40111,5
40113,5
40115,5
40117,5
40119,5
40121,5
40123,5
40125,5
40127,5
40129,5
40131,5
40133,5
40135,5
40003,5
39175,5
38099,5
39057,5
39039,5
39041,5
39043,5
39045,5
39047,5
39049,5
39051,5
39053,5
39055,5
39059,5
39081,5
39061,5
39063,5
39065,5
39067,5
39069,5
39071,5
39073,5
39075,5
39077,5
39037,5
39035,5
39033,5
39031,5
38101,5
38103,5
38105,5
39000,5
39001,5
39003,5
39005,5
39007,5
39009,5
39011,5
39013,5
39015,5
39017,5
39019,5
39021,5
39023,5
39025,5
39027,5
39029,5
39079,5
39083,5
39173,5
39151,5
39133,5
39135,5
39137,5
39139,5
39141,5
39143,5
39145,5
39147,5
39149,5
39153,5
39085,5
39155,5
39157,5
39159,5
39161,5
39163,5
39165,5
39167,5
39169,5
39171,5
39131,5
39129,5
39127,5
39125,5
39087,5
39089,5
39091,5
39093,5
39095,5
39097,5
39099,5
39101,5
39103,5
39105,5
39107,5
39109,5
39111,5
39113,5
39115,5
39117,5
39119,5
39121,5
39123,5
36047,5
36045,5
36043,5
30011,5
29225,5
29227,5
29229,5
29510,5
30001,5
30003,5
30005,5
30007,5
30009,5
30013,5
30035,5
30015,5
30017,5
30019,5
30021,5
1001,5
30025,5
30027,5
30029,5
30031,5
29223,5
29221,5
29219,5
29217,5
29177,5
29179,5
29181,5
29183,5
29185,5
29186,5
29187,5
29189,5
29195,5
29197,5
29199,5
29201,5
29203,5
29205,5
29207,5
29209,5
29211,5
29213,5
29215,5
30033,5
30037,5
29173,5
30105,5
30087,5
30089,5
30091,5
30093,5
30095,5
30097,5
30099,5
30101,5
30103,5
30107,5
30039,5
30109,5
30111,5
31001,5
31003,5
31005,5
31007,5
31009,5
31011,5
31013,5
30085,5
30083,5
30081,5
30079,5
30041,5
30043,5
30045,5
30047,5
30049,5
30051,5
30053,5
30055,5
30057,5
30059,5
30061,5
30063,5
30065,5
30067,5
30069,5
30071,5
30073,5
30075,5
30077,5
29175,5
29171,5
36041,5
29053,5
29035,5
29037,5
29039,5
29041,5
29043,5
29045,5
29047,5
29049,5
29051,5
29055,5
29077,5
29057,5
29059,5
29061,5
29063,5
29065,5
29067,5
29069,5
29071,5
29073,5
29033,5
29031,5
29029,5
29027,5
28153,5
28155,5
28157,5
28159,5
28161,5
28163,5
29001,5
29003,5
29005,5
29007,5
29009,5
29011,5
29013,5
29015,5
29017,5
29019,5
29021,5
29023,5
29025,5
29075,5
29079,5
29169,5
29147,5
29129,5
29131,5
29133,5
29135,5
29137,5
29139,5
29141,5
29143,5
29145,5
29149,5
29081,5
29151,5
29153,5
29155,5
29157,5
29159,5
29161,5
29163,5
29165,5
29167,5
29127,5
29125,5
29123,5
29121,5
29083,5
29085,5
29087,5
29089,5
29091,5
29093,5
29095,5
29097,5
29099,5
29101,5
29103,5
29105,5
29107,5
29109,5
29111,5
29113,5
29115,5
29117,5
29119,5
31015,5
31017,5
31019,5
34033,5
34015,5
34017,5
34019,5
34021,5
34023,5
34025,5
34027,5
34029,5
34031,5
34035,5
35013,5
34037,5
34039,5
34041,5
35001,5
35003,5
35005,5
35006,5
35007,5
35009,5
34013,5
34011,5
34009,5
34007,5
32023,5
32027,5
32029,5
32031,5
32033,5
32510,5
33001,5
33003,5
33005,5
33007,5
33009,5
33011,5
33013,5
33015,5
33017,5
33019,5
34001,5
34003,5
34005,5
35011,5
35015,5
31021,5
36019,5
36001,5
36003,5
36005,5
36007,5
36009,5
36011,5
36013,5
36015,5
36017,5
36021,5
35017,5
36023,5
36025,5
36027,5
36029,5
36031,5
36033,5
36035,5
36037,5
36039,5
35061,5
35059,5
35057,5
35055,5
35019,5
35021,5
35023,5
35025,5
35027,5
35028,5
35029,5
35031,5
35033,5
35035,5
35037,5
35039,5
35041,5
35043,5
35045,5
35047,5
35049,5
35051,5
35053,5
32021,5
32019,5
32017,5
31087,5
31069,5
31071,5
31073,5
31075,5
31077,5
31079,5
31081,5
31083,5
31085,5
31089,5
32015,5
31091,5
31093,5
31095,5
31097,5
31099,5
31101,5
31103,5
31105,5
31107,5
31067,5
31065,5
31063,5
31061,5
31023,5
31025,5
31027,5
31029,5
31031,5
31033,5
31035,5
31037,5
31039,5
31041,5
31043,5
31045,5
31047,5
31049,5
31051,5
31053,5
31055,5
31057,5
31059,5
31109,5
31111,5
31113,5
31159,5
31163,5
31165,5
31167,5
31169,5
31171,5
31173,5
31175,5
31177,5
31179,5
31181,5
31183,5
31185,5
32001,5
32003,5
32005,5
32007,5
32009,5
32011,5
32013,5
31161,5
31157,5
31115,5
31155,5
31117,5
31119,5
31121,5
31123,5
31125,5
31127,5
31129,5
31131,5
31133,5
31135,5
31137,5
31139,5
31141,5
31143,5
31145,5
31147,5
31149,5
31151,5
31153,5
41029,5
41033,5
28149,5
48409,5
48391,5
48393,5
48395,5
48397,5
48399,5
48401,5
48403,5
48405,5
48407,5
48411,5
48433,5
48413,5
48415,5
48417,5
48419,5
48421,5
48423,5
48425,5
48427,5
48429,5
48389,5
48387,5
48385,5
48383,5
48345,5
48347,5
48349,5
48351,5
48353,5
48355,5
48357,5
48359,5
48361,5
48363,5
48365,5
48367,5
48369,5
48371,5
48373,5
48375,5
48377,5
48379,5
48381,5
48431,5
48435,5
48341,5
48503,5
48485,5
48487,5
48489,5
48491,5
48493,5
48495,5
48497,5
48499,5
48501,5
48505,5
48437,5
48507,5
49001,5
49003,5
49005,5
49007,5
49009,5
49011,5
49013,5
49015,5
48483,5
48481,5
48479,5
48477,5
48439,5
48441,5
48443,5
48445,5
48447,5
48449,5
48451,5
48453,5
48455,5
48457,5
48459,5
48461,5
48463,5
48465,5
48467,5
48469,5
48471,5
48473,5
48475,5
48343,5
48339,5
49019,5
48221,5
48203,5
48205,5
48207,5
48209,5
48211,5
48213,5
48215,5
48217,5
48219,5
48223,5
48245,5
48225,5
48227,5
48229,5
48231,5
48233,5
48235,5
48237,5
48239,5
48241,5
48201,5
48199,5
48197,5
48195,5
48157,5
48159,5
48161,5
48163,5
48165,5
48167,5
48169,5
48171,5
48173,5
48175,5
48177,5
48179,5
48181,5
48183,5
48185,5
48187,5
48189,5
48191,5
48193,5
48243,5
48247,5
48337,5
48315,5
48297,5
48299,5
48301,5
48303,5
48305,5
48307,5
48309,5
48311,5
48313,5
48317,5
48249,5
48319,5
48321,5
48323,5
48325,5
48327,5
48329,5
48331,5
48333,5
48335,5
48295,5
48293,5
48291,5
48289,5
48251,5
48253,5
48255,5
48257,5
48259,5
48261,5
48263,5
48265,5
48267,5
48269,5
48271,5
48273,5
48275,5
48277,5
48279,5
48281,5
48283,5
48285,5
48287,5
49017,5
49021,5
41035,5
51199,5
51179,5
51181,5
51183,5
51185,5
51187,5
51191,5
51193,5
51195,5
51197,5
51510,5
51620,5
51520,5
51530,5
51540,5
51550,5
51570,5
51580,5
51590,5
51595,5
51600,5
51177,5
51175,5
51173,5
51171,5
51131,5
51133,5
51135,5
51137,5
51139,5
51141,5
51143,5
51145,5
51147,5
51149,5
51153,5
51155,5
51157,5
51159,5
51161,5
51163,5
51165,5
51167,5
51169,5
51610,5
51630,5
51125,5
53017,5
51840,5
53001,5
53003,5
53005,5
53007,5
53009,5
53011,5
53013,5
53015,5
53019,5
51640,5
53021,5
53023,5
53025,5
53027,5
53029,5
53031,5
53033,5
53035,5
53037,5
51830,5
51820,5
51810,5
51800,5
51650,5
51660,5
51670,5
51678,5
51680,5
51683,5
51685,5
51690,5
51700,5
51710,5
51720,5
51730,5
51735,5
51740,5
51750,5
51760,5
51770,5
51775,5
51790,5
51127,5
51121,5
49023,5
51001,5
50013,5
50015,5
50017,5
50019,5
50021,5
50023,5
50025,5
50027,5
51000,5
51003,5
51025,5
51005,5
51007,5
51009,5
51011,5
51013,5
51015,5
51017,5
51019,5
51021,5
50011,5
50009,5
50007,5
50005,5
49025,5
49027,5
49029,5
49031,5
49033,5
49035,5
49037,5
49039,5
49041,5
49043,5
49045,5
49047,5
49049,5
49051,5
49053,5
49055,5
49057,5
50001,5
50003,5
51023,5
51027,5
51119,5
51097,5
51079,5
51081,5
51083,5
51085,5
51087,5
51089,5
51091,5
51093,5
51095,5
51099,5
51029,5
51101,5
51103,5
51105,5
51107,5
51109,5
51111,5
51113,5
51115,5
51117,5
51077,5
51075,5
51073,5
51071,5
51031,5
51033,5
51035,5
51036,5
51037,5
51041,5
51043,5
51045,5
51047,5
51049,5
51051,5
51053,5
51057,5
51059,5
51061,5
51063,5
51065,5
51067,5
51069,5
48155,5
48153,5
48151,5
45071,5
45053,5
45055,5
45057,5
45059,5
45061,5
45063,5
45065,5
45067,5
45069,5
45073,5
46005,5
45075,5
45077,5
45079,5
45081,5
45083,5
45085,5
45087,5
45089,5
45091,5
45051,5
45049,5
45047,5
45045,5
45007,5
45009,5
45011,5
45013,5
45015,5
45017,5
45019,5
45021,5
45023,5
45025,5
45027,5
45029,5
45031,5
45033,5
45035,5
45037,5
45039,5
45041,5
45043,5
46003,5
46007,5
45003,5
46075,5
46057,5
46059,5
46061,5
46063,5
46065,5
46067,5
46069,5
46071,5
46073,5
46077,5
46009,5
46079,5
46081,5
46083,5
46085,5
46087,5
46089,5
46091,5
46093,5
46095,5
46055,5
46053,5
46051,5
46049,5
46011,5
46013,5
46015,5
46017,5
46019,5
46021,5
46023,5
46025,5
46027,5
46029,5
46031,5
46033,5
46035,5
46037,5
46039,5
46041,5
46043,5
46045,5
46047,5
45005,5
45001,5
48149,5
42027,5
42009,5
42011,5
42013,5
42015,5
42017,5
42019,5
42021,5
42023,5
42025,5
42029,5
42051,5
42031,5
42033,5
42035,5
42037,5
42039,5
42041,5
42043,5
42045,5
42047,5
42007,5
42005,5
42003,5
42001,5
41037,5
41039,5
41041,5
41043,5
41045,5
41047,5
41049,5
41051,5
41053,5
41055,5
41057,5
41059,5
41061,5
41063,5
41065,5
41067,5
41069,5
41071,5
42000,5
42049,5
42053,5
44009,5
42121,5
42103,5
42105,5
42107,5
42109,5
42111,5
42113,5
42115,5
42117,5
42119,5
42123,5
42055,5
42125,5
42127,5
42129,5
42131,5
42133,5
44001,5
44003,5
44005,5
44007,5
42101,5
42099,5
42097,5
42095,5
42057,5
42059,5
42061,5
42063,5
42065,5
42067,5
42069,5
42071,5
42073,5
42075,5
42077,5
42079,5
42081,5
42083,5
42085,5
42087,5
42089,5
42091,5
42093,5
46097,5
46099,5
46101,5
48033,5
48015,5
48017,5
48019,5
48021,5
48023,5
48025,5
48027,5
48029,5
48031,5
48035,5
48057,5
48037,5
48039,5
48041,5
48043,5
48045,5
48047,5
48049,5
48051,5
48053,5
48013,5
48011,5
48009,5
48007,5
47159,5
47161,5
47163,5
47165,5
47167,5
47169,5
47171,5
47173,5
47175,5
47177,5
47179,5
47181,5
47183,5
47185,5
47187,5
47189,5
48001,5
48003,5
48005,5
48055,5
48059,5
46103,5
48127,5
48109,5
48111,5
48113,5
48115,5
48117,5
48119,5
48121,5
48123,5
48125,5
48129,5
48061,5
48131,5
48133,5
48135,5
48137,5
48139,5
48141,5
48143,5
48145,5
48147,5
48107,5
48105,5
48103,5
48101,5
48063,5
48065,5
48067,5
48069,5
48071,5
48073,5
48075,5
48077,5
48079,5
48081,5
48083,5
48085,5
48087,5
48089,5
48091,5
48093,5
48095,5
48097,5
48099,5
47157,5
47155,5
47153,5
47037,5
47019,5
47021,5
47023,5
47025,5
47027,5
47029,5
47031,5
47033,5
47035,5
47039,5
47151,5
47041,5
47043,5
47045,5
47047,5
47049,5
47051,5
47053,5
47055,5
47057,5
47017,5
47015,5
47013,5
47011,5
46105,5
46107,5
46109,5
46111,5
46115,5
46117,5
46119,5
46121,5
46123,5
46125,5
46127,5
46129,5
46135,5
46137,5
47001,5
47003,5
47005,5
47007,5
47009,5
47059,5
47061,5
47063,5
47109,5
47113,5
47115,5
47117,5
47119,5
47121,5
47123,5
47125,5
47127,5
47129,5
47131,5
47133,5
47135,5
47137,5
47139,5
47141,5
47143,5
47145,5
47147,5
47149,5
47111,5
47107,5
47065,5
47105,5
47067,5
47069,5
47071,5
47073,5
47075,5
47077,5
47079,5
47081,5
47083,5
47085,5
47087,5
47089,5
47091,5
47093,5
47095,5
47097,5
47099,5
47101,5
47103,5
28151,5
30023,5
28147,5
13229,5
13211,5
13213,5
13215,5
13217,5
13219,5
13221,5
13223,5
13225,5
13227,5
13231,5
13253,5
13233,5
13235,5
13237,5
13239,5
13241,5
13243,5
13245,5
13247,5
13249,5
13209,5
13207,5
13205,5
13201,5
13163,5
13165,5
13167,5
13169,5
13171,5
13173,5
13175,5
13177,5
13179,5
13181,5
13183,5
13185,5
13187,5
13189,5
13191,5
13193,5
13195,5
13197,5
13199,5
13251,5
13255,5
13159,5
15000,5
13305,5
13307,5
13309,5
13311,5
13313,5
13315,5
13317,5
13319,5
13321,5
15001,5
13257,5
15003,5
15007,5
15009,5
16001,5
16003,5
16005,5
16007,5
16009,5
16011,5
13303,5
13301,5
13299,5
13297,5
13259,5
13261,5
13263,5
13265,5
13267,5
13269,5
13271,5
13273,5
13275,5
13277,5
13279,5
13281,5
13283,5
13285,5
13287,5
13289,5
13291,5
13293,5
13295,5
13161,5
13157,5
12105,5
13037,5
13019,5
13021,5
13023,5
13025,5
13027,5
13029,5
13031,5
13033,5
13035,5
13039,5
13063,5
13043,5
13045,5
13047,5
13049,5
13051,5
13053,5
13055,5
13057,5
13059,5
13017,5
13015,5
13013,5
13011,5
12109,5
12111,5
12113,5
12115,5
12117,5
12119,5
12121,5
12123,5
12125,5
12127,5
12129,5
12131,5
12133,5
13000,5
13001,5
13003,5
13005,5
13007,5
13009,5
13061,5
13065,5
13155,5
13133,5
13115,5
13117,5
13119,5
13121,5
13123,5
13125,5
13127,5
13129,5
13131,5
13135,5
13067,5
13137,5
13139,5
13141,5
13143,5
13145,5
13147,5
13149,5
13151,5
13153,5
13113,5
13111,5
13109,5
13107,5
13069,5
13071,5
13073,5
13075,5
13077,5
13079,5
13081,5
13083,5
13085,5
13087,5
13089,5
13091,5
13093,5
13095,5
13097,5
13099,5
13101,5
13103,5
13105,5
16013,5
16015,5
16017,5
17183,5
17165,5
17167,5
17169,5
17171,5
17173,5
17175,5
17177,5
17179,5
17181,5
17185,5
18003,5
17187,5
17189,5
17191,5
17193,5
17195,5
17197,5
17199,5
17201,5
17203,5
17163,5
17161,5
17159,5
17157,5
17119,5
17121,5
17123,5
17125,5
17127,5
17129,5
17131,5
17133,5
17135,5
17137,5
17139,5
17141,5
17143,5
17145,5
17147,5
17149,5
17151,5
17153,5
17155,5
18001,5
18005,5
16019,5
18073,5
18055,5
18057,5
18059,5
18061,5
18063,5
18065,5
18067,5
18069,5
18071,5
18075,5
18007,5
18077,5
18079,5
18081,5
18083,5
18085,5
18087,5
18089,5
18091,5
18093,5
18053,5
18051,5
18049,5
18047,5
18009,5
18011,5
18013,5
18015,5
18017,5
18019,5
18021,5
18023,5
18025,5
18027,5
18029,5
18031,5
18033,5
18035,5
18037,5
18039,5
18041,5
18043,5
18045,5
17117,5
17115,5
17113,5
16085,5
16067,5
16069,5
16071,5
16073,5
16075,5
16077,5
16079,5
16081,5
16083,5
16087,5
17111,5
17001,5
17003,5
17005,5
17007,5
17009,5
17011,5
17013,5
17015,5
17017,5
16065,5
16063,5
16061,5
16059,5
16021,5
16023,5
16025,5
16027,5
16029,5
16031,5
16033,5
16035,5
16037,5
16039,5
16041,5
16043,5
16045,5
16047,5
16049,5
16051,5
16053,5
16055,5
16057,5
17019,5
17021,5
17023,5
17069,5
17073,5
17075,5
17077,5
17079,5
17081,5
17083,5
17085,5
17087,5
17089,5
17091,5
17093,5
17095,5
17097,5
17099,5
17101,5
17103,5
17105,5
17107,5
17109,5
17071,5
17067,5
17025,5
17065,5
17027,5
17029,5
17031,5
17033,5
28145,5
17037,5
17039,5
17041,5
17043,5
17045,5
17047,5
17049,5
17051,5
17053,5
17055,5
17057,5
17059,5
17061,5
17063,5
12107,5
12103,5
18097,5
5035,5
5017,5
5019,5
5021,5
5023,5
5025,5
5027,5
5029,5
5031,5
5033,5
5037,5
5059,5
5039,5
5041,5
5043,5
5045,5
5047,5
5049,5
5051,5
5053,5
5055,5
5015,5
5013,5
5011,5
5009,5
4001,5
4003,5
4005,5
4007,5
4009,5
4011,5
4012,5
4013,5
4015,5
4017,5
4019,5
4021,5
4023,5
4025,5
4027,5
5001,5
5003,5
5005,5
5007,5
5057,5
5061,5
2282,5
5129,5
5111,5
5113,5
5115,5
5117,5
5119,5
5121,5
5123,5
5125,5
5127,5
5131,5
5063,5
5133,5
5135,5
5137,5
5139,5
5141,5
5143,5
5145,5
5147,5
5149,5
5109,5
5107,5
5105,5
5103,5
5065,5
5067,5
5069,5
5071,5
5073,5
5075,5
5077,5
5079,5
5081,5
5083,5
5085,5
5087,5
5089,5
5091,5
5093,5
5095,5
5097,5
5099,5
5101,5
2290,5
2275,5
12101,5
1067,5
1049,5
1051,5
1053,5
1055,5
1057,5
1059,5
1061,5
1063,5
1065,5
1069,5
1091,5
1071,5
1073,5
1075,5
1077,5
1079,5
1081,5
1083,5
1085,5
1087,5
1047,5
1045,5
1043,5
1041,5
1003,5
1005,5
1007,5
1009,5
1011,5
1013,5
1015,5
1017,5
1019,5
1021,5
1023,5
1025,5
1027,5
1029,5
1031,5
1033,5
1035,5
1037,5
1039,5
1089,5
1093,5
2261,5
2150,5
2060,5
2068,5
2070,5
2090,5
2100,5
2105,5
2110,5
2122,5
2130,5
2164,5
1095,5
2170,5
2180,5
2185,5
2188,5
2195,5
2198,5
2220,5
2230,5
2240,5
2050,5
2020,5
2016,5
2013,5
1097,5
1099,5
1101,5
1103,5
1105,5
1107,5
1109,5
1111,5
1113,5
1115,5
1117,5
1119,5
1121,5
1123,5
1125,5
1127,5
1129,5
1131,5
1133,5
6000,5
6001,5
6003,5
9009,5
8119,5
8121,5
8123,5
8125,5
9000,5
9001,5
9003,5
9005,5
9007,5
9011,5
12009,5
9013,5
9015,5
10001,5
10003,5
10005,5
11001,5
12001,5
12003,5
12005,5
8117,5
8115,5
8113,5
8111,5
8073,5
8075,5
8077,5
8079,5
8081,5
8083,5
8085,5
8087,5
8089,5
8091,5
8093,5
8095,5
8097,5
8099,5
8101,5
8103,5
8105,5
8107,5
8109,5
12007,5
12011,5
6005,5
12081,5
12063,5
12065,5
12067,5
12069,5
12071,5
12073,5
12075,5
12077,5
12079,5
12083,5
12013,5
12085,5
12086,5
12087,5
12089,5
12091,5
12093,5
12095,5
12097,5
12099,5
12061,5
12059,5
12057,5
12055,5
12015,5
12017,5
12019,5
12021,5
12023,5
12027,5
12029,5
12031,5
12033,5
12035,5
12037,5
12039,5
12041,5
12043,5
12045,5
12047,5
12049,5
12051,5
12053,5
8071,5
8069,5
8067,5
6071,5
6053,5
6055,5
6057,5
6059,5
6061,5
6063,5
6065,5
6067,5
6069,5
6073,5
8065,5
6075,5
6077,5
6079,5
6081,5
6083,5
6085,5
6087,5
6089,5
6091,5
6051,5
6049,5
6047,5
6045,5
6007,5
6009,5
6011,5
6013,5
6015,5
6017,5
6019,5
6021,5
6023,5
6025,5
6027,5
6029,5
6031,5
6033,5
6035,5
6037,5
6039,5
6041,5
6043,5
6093,5
6095,5
6097,5
8023,5
8027,5
8029,5
8031,5
8033,5
8035,5
8037,5
8039,5
8041,5
8043,5
8045,5
8047,5
8049,5
8051,5
8053,5
8055,5
8057,5
8059,5
8061,5
8063,5
8025,5
8021,5
6099,5
8019,5
6101,5
6103,5
6105,5
6107,5
6109,5
6111,5
6113,5
6115,5
8000,5
8001,5
8003,5
8005,5
8007,5
8009,5
8011,5
8013,5
8014,5
8015,5
8017,5
18095,5
17035,5
18099,5
25025,5
25007,5
25009,5
25011,5
25013,5
25015,5
25017,5
25019,5
25021,5
18101,5
25027,5
26021,5
26001,5
26003,5
26005,5
26007,5
26009,5
26011,5
26013,5
26015,5
26017,5
25005,5
25003,5
25001,5
24510,5
24011,5
24013,5
24015,5
24017,5
24019,5
24021,5
24023,5
24025,5
24027,5
24029,5
24031,5
24033,5
24035,5
24037,5
24039,5
24041,5
24043,5
24045,5
24047,5
26019,5
26023,5
26115,5
26091,5
26073,5
26075,5
26077,5
26079,5
26081,5
26083,5
26085,5
26087,5
26089,5
26093,5
26025,5
26095,5
26097,5
26099,5
26101,5
26103,5
26105,5
26107,5
26109,5
26111,5
26071,5
26069,5
26067,5
26065,5
26027,5
26029,5
26031,5
26033,5
26035,5
26037,5
26039,5
26041,5
26043,5
26045,5
26047,5
26049,5
26051,5
26053,5
26055,5
26057,5
26059,5
26061,5
26063,5
24009,5
24005,5
24003,5
22047,5
22029,5
22031,5
22033,5
22035,5
22037,5
22039,5
22041,5
22043,5
22045,5
22049,5
24001,5
22051,5
22053,5
22055,5
22057,5
22059,5
22061,5
22063,5
22065,5
22067,5
22027,5
22025,5
22023,5
22021,5
21223,5
21225,5
21227,5
21229,5
21231,5
21233,5
21235,5
21237,5
21239,5
22001,5
22003,5
22005,5
22007,5
22009,5
22011,5
22013,5
22015,5
22017,5
22019,5
22069,5
22071,5
22073,5
22119,5
22123,5
22125,5
22127,5
23001,5
23003,5
23005,5
23007,5
23009,5
23011,5
23013,5
23015,5
23017,5
23019,5
23021,5
23023,5
23025,5
23027,5
23029,5
23031,5
22121,5
22117,5
22075,5
22115,5
22077,5
22079,5
22081,5
22083,5
22085,5
22087,5
22089,5
22091,5
22093,5
22095,5
22097,5
22099,5
22101,5
22103,5
22105,5
22107,5
22109,5
22111,5
22113,5
26113,5
26117,5
21219,5
28029,5
28011,5
28013,5
28015,5
28017,5
28019,5
28021,5
28023,5
28025,5
28027,5
28031,5
28053,5
28033,5
28035,5
28037,5
28039,5
28041,5
28043,5
28045,5
28047,5
28049,5
28009,5
28007,5
28005,5
28003,5
27139,5
27141,5
27143,5
27145,5
27147,5
27149,5
27151,5
27153,5
27155,5
27157,5
27159,5
27161,5
27163,5
27165,5
27167,5
27169,5
27171,5
27173,5
28001,5
28051,5
28055,5
26119,5
28123,5
28105,5
28107,5
28109,5
28111,5
28113,5
28115,5
28117,5
28119,5
28121,5
28125,5
28057,5
28127,5
28129,5
28131,5
28133,5
28135,5
28137,5
28139,5
28141,5
28143,5
28103,5
28101,5
28099,5
28097,5
28059,5
28061,5
28063,5
28065,5
28067,5
28069,5
28071,5
28073,5
28075,5
28077,5
28079,5
28081,5
28083,5
28085,5
28087,5
28089,5
28091,5
28093,5
28095,5
27137,5
27135,5
27133,5
27017,5
27000,5
27001,5
27003,5
27005,5
27007,5
27009,5
27011,5
27013,5
27015,5
27019,5
27131,5
27021,5
27023,5
27025,5
27027,5
27029,5
27031,5
27033,5
27035,5
27037,5
26165,5
26163,5
26161,5
26159,5
26121,5
26123,5
26125,5
26127,5
26129,5
26131,5
26133,5
26135,5
26137,5
26139,5
26141,5
26143,5
26145,5
26147,5
26149,5
26151,5
26153,5
26155,5
26157,5
27039,5
27041,5
27043,5
27089,5
27093,5
27095,5
27097,5
27099,5
27101,5
27103,5
27105,5
27107,5
27109,5
27111,5
27113,5
27115,5
27117,5
27119,5
27121,5
27123,5
27125,5
27127,5
27129,5
27091,5
27087,5
27045,5
27085,5
27047,5
27049,5
27051,5
27053,5
27055,5
27057,5
27059,5
27061,5
27063,5
27065,5
27067,5
27069,5
27071,5
27073,5
27075,5
27077,5
27079,5
27081,5
27083,5
21221,5
25023,5
21217,5
19173,5
19155,5
19157,5
19159,5
19161,5
19163,5
19165,5
19167,5
19169,5
19171,5
19175,5
19151,5
19177,5
19179,5
19181,5
19183,5
19185,5
19187,5
19189,5
19191,5
19193,5
19153,5
19149,5
20093,5
19125,5
19107,5
19109,5
19111,5
19113,5
19115,5
19117,5
19119,5
19121,5
19123,5
19127,5
19147,5
19129,5
19131,5
19133,5
19135,5
19137,5
19139,5
19141,5
19143,5
19145,5
19195,5
19197,5
20001,5
20069,5
20051,5
20053,5
20055,5
20057,5
20059,5
20061,5
20063,5
20065,5
20067,5
20071,5
20003,5
20073,5
20075,5
20077,5
20079,5
20081,5
20083,5
20085,5
20087,5
20089,5
20049,5
20047,5
20045,5
20043,5
20005,5
20007,5
20009,5
20011,5
20013,5
20015,5
20017,5
20019,5
20021,5
20023,5
20025,5
20027,5
20029,5
20031,5
20033,5
20035,5
20037,5
20039,5
20041,5
19105,5
19103,5
19101,5
18167,5
18149,5
18151,5
18153,5
18155,5
18157,5
18159,5
18161,5
18163,5
18165,5
18169,5
19007,5
18171,5
18173,5
18175,5
18177,5
18179,5
18181,5
18183,5
19001,5
19003,5
18147,5
18145,5
18143,5
18141,5
18103,5
18105,5
18107,5
18109,5
18111,5
18113,5
18115,5
18117,5
18119,5
18121,5
18123,5
18125,5
18127,5
18129,5
18131,5
18133,5
18135,5
18137,5
18139,5
19005,5
19009,5
19099,5
19077,5
19059,5
19061,5
19063,5
19065,5
19067,5
19069,5
19071,5
19073,5
19075,5
19079,5
19011,5
19081,5
19083,5
19085,5
19087,5
19089,5
19091,5
19093,5
19095,5
19097,5
19057,5
19055,5
19053,5
21215,5
19013,5
19015,5
19017,5
19019,5
19021,5
19023,5
19025,5
19027,5
19029,5
19031,5
19033,5
19035,5
19037,5
19039,5
19041,5
19043,5
19045,5
19047,5
19049,5
20091,5
19051,5
20095,5
21081,5
21085,5
21087,5
21089,5
21091,5
21093,5
21095,5
21099,5
21101,5
21103,5
21105,5
21107,5
21109,5
21111,5
21113,5
21115,5
21117,5
21119,5
21121,5
21123,5
21083,5
21079,5
21127,5
21077,5
21039,5
21041,5
21043,5
21045,5
21047,5
21049,5
21051,5
21053,5
21055,5
21057,5
21059,5
21061,5
21063,5
21065,5
21067,5
21069,5
21071,5
21073,5
21075,5
21125,5
21129,5
21035,5
21175,5
21179,5
21181,5
21183,5
21185,5
21187,5
21189,5
21191,5
21193,5
21195,5
21197,5
21199,5
21201,5
21203,5
21205,5
21207,5
21209,5
21211,5
21213,5
20097,5
21177,5
21173,5
21131,5
21171,5
21133,5
21135,5
21137,5
21139,5
21141,5
21143,5
21145,5
21147,5
21149,5
21151,5
21153,5
21155,5
21157,5
21159,5
21161,5
21163,5
21165,5
21167,5
21169,5
21037,5
21097,5
20169,5
20113,5
20121,5
20119,5
20171,5
20173,5
20175,5
20117,5
20115,5
20177,5
20179,5
20123,5
20181,5
20183,5
20111,5
20185,5
20187,5
20109,5
20189,5
21033,5
20167,5
20165,5
20191,5
20149,5
20131,5
20135,5
20137,5
20139,5
20141,5
20143,5
20145,5
20147,5
20129,5
20163,5
20151,5
20153,5
20155,5
20127,5
20157,5
20159,5
20161,5
20125,5
20105,5
20107,5
20193,5
21001,5
21031,5
21029,5
21027,5
21025,5
21023,5
21021,5
21019,5
21017,5
21015,5
21013,5
21011,5
21007,5
21005,5
21003,5
21009,5
20133,5
20201,5
20205,5
20101,5
20199,5
20197,5
20099,5
20195,5
20207,5
20209,5
20103,5
20203,5
